id,stateName,senator1,senator1Twitter,senator2,senator2Twitter,allCount,allShare,AllShareOfTotal,age20UpCount,age20UpShare,age20UpShareOfTotal,ageTeenagerCount,ageTeenagerShare,ageTeenagerShareOfTotal,age16To24Count,age16To24Share,age16To24ShareOfTotal,age25To39Count,age25To39Share,age25To39ShareOfTotal,age40To54Count,age40To54Share,age40To54ShareOfTotal,age55UpCount,age55UpShare,age55UpShareOfTotal,blackOrHispanicCount,blackOrHispanicShare,blackOrHispanicShareOfTotal,blackOrHispanicMenCount,blackOrHispanicMenShare,blackOrHispanicMenShareOfTotal,blackOrHispanicWomenCount,blackOrHispanicWomenShare,blackOrHispanicWomenShareOfTotal,marriedParentsCount,marriedParentsShare,marriedParentsShareOfTotal,singleParentsCount,singleParentsShare,singleParentsShareOfTotal,dadsCount,dadsShare,dadsShareOfTotal,momsCount,momsShare,momsShareOfTotal,menCount,menShare,menShareOfTotal,menOfColorCount,menOfColorShare,menOfColorShareOfTotal,womenOfColorCount,womenOfColorShare,womenOfColorShareOfTotal,poorCount,poorShare,poorShareOfTotal,povertyCount,povertyShare,povertyShareOfTotal,otherRaceCount,otherRaceShare,otherRaceShareOfTotal,blackCount,blackShare,blackShareOfTotal,hispanicCount,hispanicShare,hispanicShareOfTotal,whiteCount,whiteShare,whiteShareOfTotal,womenCount,womenShare,womenShareOfTotal
AL,Alabama,Doug Jones (D),@SenDougJones,Richard Shelby (R),@SenShelby,"754,000",0.375,1.000,"693,000",0.356,0.919,"61,000",0.932,0.081,"232,000",0.846,0.307,"271,000",0.405,0.359,"145,000",0.223,0.193,"106,000",0.254,0.141,"333,000",0.535,0.442,"140,000",0.481,0.186,"193,000",0.582,0.256,"106,000",0.215,0.141,"111,000",0.552,0.147,"57,000",0.177,0.076,"159,000",0.432,0.211,"302,000",0.295,0.401,"150,000",0.458,0.199,"209,000",0.569,0.277,"231,000",0.700,0.307,"148,000",0.879,0.196,"26,000",0.361,0.034,"277,000",0.520,0.367,"57,000",0.620,0.075,"395,000",0.300,0.524,"452,000",0.458,0.599
AK,Alaska,Dan Sullivan (R),@SenDanSullivan,Lisa Murkowski (R),@lisamurkowski,"82,000",0.234,1.000,"72,000",0.212,0.875,"10,000",0.831,0.125,"35,000",0.693,0.423,"27,000",0.221,0.332,"11,000",0.111,0.140,"9,000",0.118,0.104,"14,000",0.391,0.171,"7,000",0.343,0.085,"7,000",0.446,0.085,"11,000",0.128,0.130,"10,000",0.298,0.125,"6,000",0.102,0.071,"15,000",0.249,0.183,"37,000",0.199,0.447,"21,000",0.322,0.253,"25,000",0.378,0.300,"24,000",0.560,0.289,"13,000",0.751,0.156,"31,000",0.335,0.382,*,*,*,"10,000",0.426,0.127,"37,000",0.166,0.447,"45,000",0.273,0.553
AZ,Arizona,Kyrsten Sinema (D),@kyrstensinema,Martha McSally (R),@MarthaMcSally,"1,040,000",0.348,1.000,"951,000",0.332,0.914,"89,000",0.754,0.086,"345,000",0.753,0.331,"361,000",0.352,0.347,"200,000",0.215,0.192,"135,000",0.235,0.129,"570,000",0.499,0.548,"283,000",0.453,0.272,"287,000",0.554,0.276,"169,000",0.232,0.163,"153,000",0.470,0.147,"118,000",0.218,0.113,"205,000",0.395,0.197,"478,000",0.305,0.460,"320,000",0.421,0.308,"340,000",0.514,0.327,"336,000",0.651,0.323,"198,000",0.784,0.191,"90,000",0.321,0.086,"51,000",0.396,0.049,"519,000",0.512,0.499,"380,000",0.243,0.366,"562,000",0.397,0.540
AR,Arkansas,Tom Cotton (R),@TomCottonAR,John Boozman (R),@JohnBoozman,"487,000",0.392,1.000,"450,000",0.376,0.924,"37,000",0.805,0.076,"142,000",0.795,0.291,"170,000",0.411,0.348,"102,000",0.258,0.209,"73,000",0.286,0.151,"166,000",0.575,0.341,"77,000",0.537,0.158,"89,000",0.613,0.183,"91,000",0.272,0.186,"70,000",0.566,0.145,"53,000",0.236,0.108,"108,000",0.463,0.222,"202,000",0.318,0.415,"86,000",0.498,0.176,"102,000",0.590,0.210,"166,000",0.699,0.341,"91,000",0.854,0.187,"22,000",0.389,0.045,"99,000",0.532,0.202,"67,000",0.651,0.138,"299,000",0.333,0.614,"285,000",0.469,0.585
CA,California,Dianne Feinstein (D),@DianneFeinstein,Kamala Harris (D),@KamalaHarris,"11,000",0.001,1.000,"11,000",0.001,0.938,"1,000",0.001,0.062,"4,000",0.002,0.341,"4,000",0.001,0.334,"2,000",0.000,0.209,"1,000",0.000,0.116,"5,000",0.001,0.455,"3,000",0.001,0.273,"2,000",0.001,0.182,"2,000",0.000,0.161,"1,000",0.001,0.108,"1,000",0.000,0.130,"2,000",0.001,0.139,"6,000",0.001,0.534,"4,000",0.001,0.358,"3,000",0.001,0.287,"3,000",0.001,0.269,"2,000",0.001,0.143,"2,000",0.001,0.169,0,0.000,0.036,"5,000",0.001,0.440,"4,000",0.001,0.355,"5,000",0.001,0.466
CO,Colorado,Cory Gardner (R),@SenCoryGardner,Michael Bennet (D),@SenatorBennet,"760,000",0.285,1.000,"666,000",0.260,0.876,"95,000",0.927,0.124,"296,000",0.795,0.389,"260,000",0.272,0.343,"119,000",0.146,0.156,"85,000",0.163,0.112,"312,000",0.449,0.411,"150,000",0.389,0.197,"162,000",0.524,0.213,"117,000",0.168,0.154,"79,000",0.382,0.104,"63,000",0.134,0.083,"133,000",0.308,0.175,"339,000",0.240,0.445,"172,000",0.364,0.226,"193,000",0.489,0.254,"216,000",0.610,0.284,"140,000",0.824,0.185,"52,000",0.306,0.069,"37,000",0.360,0.048,"275,000",0.464,0.362,"396,000",0.220,0.521,"422,000",0.335,0.555
CT,Connecticut,Chris Murphy (D),@ChrisMurphyCT,Richard Blumenthal (D),@SenBlumenthal,"465,000",0.263,1.000,"405,000",0.238,0.871,"60,000",0.901,0.129,"177,000",0.756,0.381,"142,000",0.273,0.306,"82,000",0.140,0.176,"63,000",0.148,0.137,"204,000",0.444,0.439,"90,000",0.394,0.194,"114,000",0.494,0.245,"51,000",0.119,0.111,"60,000",0.413,0.128,"29,000",0.106,0.063,"82,000",0.274,0.176,"193,000",0.218,0.414,"102,000",0.347,0.220,"133,000",0.456,0.286,"107,000",0.646,0.230,"61,000",0.807,0.132,"31,000",0.247,0.068,"65,000",0.373,0.140,"139,000",0.488,0.298,"229,000",0.194,0.494,"272,000",0.308,0.586
DE,Delaware,Tom Carper (D),@TomCarperforDE,Chris Coons (D),@ChrisCoons,"145,000",0.335,1.000,"133,000",0.318,0.920,"12,000",0.830,0.080,"43,000",0.788,0.295,"52,000",0.367,0.357,"26,000",0.186,0.178,"25,000",0.247,0.170,"63,000",0.461,0.434,"30,000",0.440,0.207,"34,000",0.482,0.234,"18,000",0.187,0.127,"20,000",0.475,0.139,"12,000",0.190,0.086,"26,000",0.346,0.180,"62,000",0.291,0.429,"33,000",0.399,0.228,"39,000",0.465,0.268,"35,000",0.714,0.238,"21,000",0.852,0.145,"9,000",0.296,0.060,"40,000",0.419,0.276,"23,000",0.559,0.161,"73,000",0.274,0.504,"83,000",0.377,0.571
DC,"Washington, DC",Eleanor Holmes Norton (D),@EleanorNorton,,,"15,000",0.042,1.000,"14,000",0.040,0.927,"1,000",0.165,0.073,"4,000",0.098,0.240,"7,000",0.041,0.472,"3,000",0.029,0.170,"2,000",0.032,0.119,"11,000",0.064,0.733,"6,000",0.071,0.400,"6,000",0.058,0.400,"1,000",0.023,0.070,"2,000",0.066,0.112,"1,000",0.032,0.066,"2,000",0.043,0.115,"8,000",0.044,0.496,"6,000",0.067,0.409,"6,000",0.056,0.411,"4,000",0.109,0.239,"3,000",0.133,0.183,"1,000",0.042,0.077,"8,000",0.063,0.542,"3,000",0.067,0.201,"3,000",0.018,0.179,"8,000",0.041,0.504
FL,Florida,Rick Scott (R),@ScottforFlorida,Marco Rubio (R),@marcorubio,"3,275,000",0.369,1.000,"3,089,000",0.358,0.943,"185,000",0.755,0.057,"869,000",0.787,0.265,"1,178,000",0.400,0.360,"716,000",0.246,0.219,"513,000",0.268,0.157,"1,889,000",0.470,0.577,"893,000",0.437,0.273,"995,000",0.505,0.304,"452,000",0.235,0.138,"428,000",0.483,0.131,"294,000",0.221,0.090,"585,000",0.395,0.179,"1,475,000",0.327,0.450,"960,000",0.423,0.293,"1,091,000",0.494,0.333,"1,079,000",0.678,0.329,"527,000",0.812,0.161,"163,000",0.352,0.050,"663,000",0.481,0.203,"1,225,000",0.465,0.374,"1,223,000",0.278,0.374,"1,800,000",0.412,0.550
GA,Georgia,David Perdue (R),@sendavidperdue,Johnny Isakson (R),@SenatorIsakson,"1,575,000",0.347,1.000,"1,457,000",0.332,0.925,"117,000",0.793,0.075,"463,000",0.779,0.294,"586,000",0.376,0.372,"324,000",0.211,0.206,"202,000",0.238,0.129,"874,000",0.465,0.555,"393,000",0.435,0.250,"481,000",0.494,0.305,"249,000",0.212,0.158,"242,000",0.505,0.153,"154,000",0.195,0.098,"337,000",0.390,0.214,"675,000",0.294,0.428,"429,000",0.406,0.272,"534,000",0.480,0.339,"495,000",0.670,0.314,"307,000",0.832,0.195,"89,000",0.305,0.057,"603,000",0.428,0.383,"272,000",0.579,0.173,"611,000",0.259,0.388,"900,000",0.402,0.572
HI,Hawaii,Mazie Hirono (D),@maziehirono,Brian Schatz (D),@brianschatz,"237,000",0.332,1.000,"224,000",0.322,0.945,"13,000",0.702,0.055,"61,000",0.731,0.260,"83,000",0.359,0.350,"47,000",0.209,0.200,"45,000",0.262,0.190,"28,000",0.390,0.118,"13,000",0.341,0.055,"15,000",0.448,0.063,"42,000",0.230,0.178,"23,000",0.413,0.096,"21,000",0.184,0.091,"44,000",0.357,0.184,"104,000",0.285,0.438,"91,000",0.310,0.382,"116,000",0.400,0.489,"45,000",0.674,0.190,"24,000",0.769,0.102,"178,000",0.350,0.751,"3,000",0.316,0.013,"25,000",0.402,0.107,"31,000",0.230,0.129,"133,000",0.380,0.562
ID,Idaho,Jim Risch (R),@SenatorRisch,Mike Crapo (R),@MikeCrapo,"271,000",0.381,1.000,"238,000",0.353,0.880,"32,000",0.936,0.120,"99,000",0.874,0.367,"89,000",0.379,0.329,"47,000",0.214,0.172,"36,000",0.250,0.132,"66,000",0.629,0.244,"35,000",0.585,0.129,"31,000",0.686,0.114,"50,000",0.245,0.185,"30,000",0.501,0.112,"28,000",0.195,0.103,"52,000",0.429,0.194,"116,000",0.308,0.429,"40,000",0.528,0.148,"39,000",0.641,0.145,"85,000",0.637,0.313,"53,000",0.860,0.198,"14,000",0.418,0.050,*,*,*,"63,000",0.633,0.235,"191,000",0.334,0.707,"155,000",0.464,0.571
IL,Illinois,Dick Durbin (D),@SenatorDurbin,Tammy Duckworth (D),@SenDuckworth,"2,012,000",0.329,1.000,"1,849,000",0.313,0.919,"163,000",0.775,0.081,"614,000",0.753,0.305,"688,000",0.330,0.342,"413,000",0.211,0.205,"297,000",0.236,0.148,"934,000",0.500,0.464,"442,000",0.458,0.220,"493,000",0.544,0.245,"322,000",0.204,0.160,"267,000",0.495,0.133,"185,000",0.177,0.092,"404,000",0.378,0.201,"851,000",0.272,0.423,"492,000",0.407,0.244,"561,000",0.494,0.279,"553,000",0.696,0.275,"311,000",0.825,0.154,"119,000",0.251,0.059,"307,000",0.422,0.153,"627,000",0.549,0.312,"959,000",0.254,0.477,"1,161,000",0.389,0.577
IN,Indiana,Mike Braun (R),@braun4indiana,Todd Young (R),@SenToddYoung,"1,113,000",0.368,1.000,"994,000",0.343,0.894,"118,000",0.941,0.106,"380,000",0.838,0.341,"352,000",0.367,0.316,"214,000",0.222,0.192,"167,000",0.258,0.150,"258,000",0.543,0.232,"117,000",0.490,0.105,"140,000",0.597,0.126,"163,000",0.212,0.146,"152,000",0.513,0.137,"85,000",0.163,0.077,"229,000",0.425,0.206,"442,000",0.284,0.397,"139,000",0.459,0.125,"168,000",0.575,0.151,"306,000",0.696,0.275,"200,000",0.902,0.180,"49,000",0.409,0.044,"130,000",0.501,0.116,"128,000",0.594,0.115,"806,000",0.332,0.724,"671,000",0.458,0.603
IA,Iowa,Joni Ernst (R),@SenJoniErnst,Chuck Grassley (R),@ChuckGrassley,"538,000",0.353,1.000,"463,000",0.321,0.861,"75,000",0.940,0.139,"209,000",0.829,0.388,"147,000",0.315,0.274,"90,000",0.196,0.168,"92,000",0.266,0.171,"77,000",0.566,0.143,"38,000",0.502,0.071,"39,000",0.648,0.072,"76,000",0.185,0.141,"63,000",0.488,0.117,"37,000",0.142,0.070,"102,000",0.368,0.189,"214,000",0.276,0.397,"49,000",0.445,0.090,"57,000",0.607,0.105,"136,000",0.692,0.253,"92,000",0.890,0.171,"28,000",0.422,0.052,"26,000",0.563,0.049,"51,000",0.568,0.095,"433,000",0.327,0.805,"325,000",0.433,0.603
KS,Kansas,Pat Roberts (R),@SenPatRoberts,Jerry Moran (R),@JerryMoran,"480,000",0.349,1.000,"428,000",0.326,0.890,"53,000",0.811,0.110,"171,000",0.785,0.355,"152,000",0.344,0.317,"84,000",0.203,0.174,"74,000",0.242,0.154,"134,000",0.547,0.279,"65,000",0.490,0.135,"68,000",0.614,0.142,"81,000",0.212,0.168,"62,000",0.514,0.128,"44,000",0.175,0.092,"98,000",0.396,0.205,"202,000",0.282,0.420,"78,000",0.440,0.163,"89,000",0.581,0.186,"135,000",0.690,0.282,"84,000",0.851,0.175,"34,000",0.389,0.070,"35,000",0.469,0.073,"99,000",0.580,0.206,"313,000",0.299,0.651,"279,000",0.420,0.580
KY,Kentuky,Mitch McConnell (R),@senatemajldr,Rand Paul (R),@RandPaul,"692,000",0.372,1.000,"633,000",0.355,0.914,"59,000",0.771,0.086,"218,000",0.777,0.315,"232,000",0.383,0.335,"135,000",0.227,0.195,"107,000",0.282,0.154,"125,000",0.542,0.181,"62,000",0.510,0.090,"63,000",0.578,0.091,"109,000",0.223,0.157,"95,000",0.538,0.138,"60,000",0.186,0.087,"144,000",0.421,0.208,"287,000",0.301,0.415,"72,000",0.473,0.104,"79,000",0.558,0.114,"201,000",0.694,0.291,"130,000",0.856,0.188,"26,000",0.410,0.037,"82,000",0.520,0.118,"44,000",0.590,0.063,"541,000",0.345,0.782,"405,000",0.446,0.585
LA,Louisianna,Bill Cassidy (R),@BillCassidy,John Kennedy (R),@SenJohnKennedy,"745,000",0.375,1.000,"696,000",0.362,0.934,"49,000",0.817,0.066,"209,000",0.783,0.281,"269,000",0.384,0.361,"156,000",0.257,0.209,"111,000",0.271,0.149,"381,000",0.529,0.511,"149,000",0.448,0.200,"232,000",0.598,0.311,"94,000",0.206,0.126,"129,000",0.557,0.173,"53,000",0.168,0.071,"170,000",0.456,0.228,"282,000",0.283,0.379,"162,000",0.434,0.218,"253,000",0.591,0.339,"237,000",0.722,0.318,"159,000",0.866,0.213,"34,000",0.420,0.045,"324,000",0.537,0.435,"57,000",0.486,0.077,"330,000",0.279,0.443,"463,000",0.469,0.621
ME,Maine,Angus King (I),@SenAngusKing,Susan Collins (R),@SenatorCollins,"203,000",0.329,1.000,"184,000",0.311,0.905,"19,000",0.743,0.095,"63,000",0.767,0.308,"61,000",0.352,0.299,"40,000",0.202,0.199,"39,000",0.241,0.194,"8,000",0.475,0.039,*,*,*,*,*,*,"24,000",0.182,0.119,"23,000",0.450,0.112,"15,000",0.166,0.072,"32,000",0.338,0.160,"81,000",0.269,0.398,"8,000",0.387,0.037,"11,000",0.543,0.053,"57,000",0.696,0.280,"28,000",0.818,0.139,"10,000",0.457,0.049,*,*,*,"5,000",0.463,0.025,"185,000",0.320,0.909,"122,000",0.385,0.602
MD,Maryland,Ben Cardin (D),@SenatorCardin,Chris Van Hollen (D),@ChrisVanHollen,"670,000",0.221,1.000,"609,000",0.207,0.908,"62,000",0.648,0.092,"216,000",0.598,0.322,"236,000",0.237,0.352,"120,000",0.119,0.179,"99,000",0.147,0.148,"330,000",0.268,0.493,"153,000",0.258,0.228,"176,000",0.278,0.263,"82,000",0.108,0.122,"89,000",0.317,0.132,"51,000",0.103,0.076,"120,000",0.221,0.179,"290,000",0.192,0.433,"176,000",0.239,0.263,"208,000",0.265,0.310,"153,000",0.535,0.228,"81,000",0.655,0.122,"55,000",0.188,0.082,"230,000",0.257,0.344,"99,000",0.299,0.148,"286,000",0.189,0.427,"380,000",0.250,0.567
MA,Massachusetts,Elizabeth Warren (D),@SenWarren,Ed Markey (D),@SenMarkey,"121,000",0.035,1.000,"102,000",0.031,0.847,"19,000",0.132,0.153,"49,000",0.102,0.406,"38,000",0.035,0.318,"22,000",0.020,0.183,"11,000",0.014,0.093,"24,000",0.039,0.198,"10,000",0.034,0.083,"14,000",0.044,0.116,"15,000",0.019,0.127,"14,000",0.052,0.112,"5,000",0.009,0.040,"24,000",0.042,0.199,"38,000",0.022,0.313,"15,000",0.031,0.123,"24,000",0.050,0.197,"23,000",0.075,0.191,"14,000",0.087,0.115,"14,000",0.043,0.118,"5,000",0.022,0.042,"19,000",0.050,0.160,"82,000",0.033,0.680,"83,000",0.048,0.687
MI,Michigan,Debbie Stabenow (D),@stabenow,Gary Peters (D),@SenGaryPeters,"1,469,000",0.336,1.000,"1,326,000",0.317,0.902,"144,000",0.785,0.098,"519,000",0.772,0.353,"465,000",0.344,0.317,"270,000",0.190,0.184,"214,000",0.233,0.146,"375,000",0.487,0.255,"162,000",0.453,0.110,"213,000",0.516,0.145,"188,000",0.176,0.128,"200,000",0.497,0.136,"105,000",0.146,0.071,"283,000",0.374,0.193,"589,000",0.266,0.401,"198,000",0.398,0.134,"263,000",0.493,0.179,"408,000",0.665,0.277,"278,000",0.829,0.189,"86,000",0.330,0.058,"255,000",0.474,0.174,"120,000",0.516,0.082,"1,008,000",0.302,0.686,"880,000",0.408,0.599
MN,Minnesota,Amy Klobuchar (D),@amyklobuchar,Tina Smith (D),@SenTinaSmith,"425,000",0.153,1.000,"344,000",0.130,0.809,"81,000",0.615,0.191,"199,000",0.479,0.470,"106,000",0.116,0.250,"58,000",0.067,0.136,"62,000",0.105,0.145,"58,000",0.197,0.136,"30,000",0.189,0.071,"28,000",0.207,0.066,"46,000",0.063,0.108,"46,000",0.204,0.107,"26,000",0.055,0.060,"66,000",0.135,0.155,"180,000",0.129,0.424,"45,000",0.166,0.106,"45,000",0.184,0.107,"108,000",0.351,0.255,"75,000",0.468,0.176,"32,000",0.145,0.076,"21,000",0.148,0.051,"37,000",0.245,0.086,"334,000",0.148,0.788,"245,000",0.178,0.576
MS,Mississippi,Roger Wicker (R),@SenatorWicker,Cindy Hyde-Smith (R),@cindyhydesmith,"499,000",0.416,1.000,"466,000",0.400,0.934,"33,000",0.944,0.066,"132,000",0.847,0.265,"180,000",0.446,0.361,"109,000",0.280,0.219,"78,000",0.312,0.156,"272,000",0.565,0.545,"108,000",0.498,0.216,"164,000",0.620,0.329,"77,000",0.259,0.154,"92,000",0.593,0.185,"44,000",0.223,0.089,"124,000",0.492,0.250,"196,000",0.331,0.393,"113,000",0.490,0.226,"172,000",0.618,0.346,"165,000",0.725,0.331,"106,000",0.903,0.212,"14,000",0.472,0.027,"250,000",0.567,0.502,"21,000",0.544,0.043,"213,000",0.310,0.428,"303,000",0.500,0.607
MO,Missouri,Josh Hawley (R),@HawleyMO,Roy Blunt (R),@RoyBlunt,"909,000",0.329,1.000,"800,000",0.303,0.880,"110,000",0.943,0.120,"338,000",0.826,0.372,"282,000",0.313,0.310,"155,000",0.182,0.171,"134,000",0.225,0.147,"205,000",0.475,0.226,"88,000",0.438,0.097,"117,000",0.507,0.129,"119,000",0.171,0.131,"119,000",0.459,0.131,"64,000",0.140,0.071,"174,000",0.350,0.191,"365,000",0.264,0.402,"108,000",0.407,0.118,"144,000",0.492,0.158,"267,000",0.651,0.294,"167,000",0.862,0.184,"46,000",0.373,0.051,"143,000",0.461,0.157,"62,000",0.510,0.068,"658,000",0.299,0.724,"544,000",0.396,0.598
MT,Montana,Jon Tester (D),@SenatorTester,Steve Daines (R),@SteveDaines,"168,000",0.367,1.000,"149,000",0.342,0.890,"18,000",0.928,0.110,"60,000",0.849,0.356,"52,000",0.361,0.308,"27,000",0.204,0.161,"29,000",0.264,0.174,"12,000",0.572,0.071,*,*,*,*,*,*,"23,000",0.205,0.135,"18,000",0.488,0.105,"10,000",0.143,0.062,"30,000",0.402,0.179,"66,000",0.288,0.396,"12,000",0.452,0.073,"18,000",0.596,0.109,"51,000",0.671,0.305,"35,000",0.861,0.211,"19,000",0.504,0.113,*,*,*,"10,000",0.570,0.062,"137,000",0.344,0.818,"101,000",0.447,0.604
NE,Nebraska,Deb Fischer (R),@SenatorFischer,Ben Sasse (R),@SenSasse,"316,000",0.333,1.000,"272,000",0.302,0.861,"44,000",0.936,0.139,"124,000",0.813,0.391,"91,000",0.297,0.288,"51,000",0.185,0.161,"50,000",0.235,0.159,"79,000",0.552,0.250,"38,000",0.476,0.120,"41,000",0.650,0.130,"47,000",0.181,0.147,"38,000",0.468,0.119,"23,000",0.141,0.074,"61,000",0.353,0.193,"130,000",0.266,0.410,"46,000",0.448,0.146,"52,000",0.615,0.165,"88,000",0.664,0.277,"59,000",0.878,0.187,"19,000",0.430,0.060,"21,000",0.495,0.066,"58,000",0.576,0.185,"218,000",0.287,0.689,"187,000",0.405,0.590
NV,Nevada,Jacky Rosen (D),@RosenforNevada,Catherine Cortez Masto (D),@SenCortezMasto,"555,000",0.403,1.000,"523,000",0.391,0.943,"32,000",0.763,0.057,"138,000",0.775,0.249,"208,000",0.427,0.375,"128,000",0.288,0.231,"80,000",0.302,0.145,"300,000",0.555,0.541,"149,000",0.503,0.268,"151,000",0.617,0.272,"98,000",0.304,0.177,"74,000",0.509,0.134,"65,000",0.276,0.118,"107,000",0.462,0.193,"258,000",0.352,0.465,"183,000",0.471,0.329,"197,000",0.569,0.355,"161,000",0.692,0.290,"77,000",0.814,0.139,"80,000",0.413,0.143,"51,000",0.475,0.091,"250,000",0.574,0.450,"175,000",0.272,0.316,"297,000",0.460,0.535
NH,New Hampshire,Jeanne Shaheen (D),@SenatorShaheen,Maggie Hassan (D),@SenatorHassan,"173,000",0.255,1.000,"145,000",0.224,0.837,"28,000",0.905,0.163,"74,000",0.763,0.429,"46,000",0.249,0.264,"26,000",0.117,0.151,"27,000",0.156,0.156,"13,000",0.377,0.075,"5,000",0.298,0.029,"7,000",0.478,0.040,"18,000",0.112,0.104,"17,000",0.340,0.099,"8,000",0.075,0.046,"27,000",0.258,0.157,"68,000",0.198,0.393,"9,000",0.262,0.052,"13,000",0.463,0.077,"38,000",0.637,0.220,"20,000",0.795,0.113,"10,000",0.326,0.056,*,*,*,"10,000",0.387,0.056,"151,000",0.245,0.871,"105,000",0.315,0.607
NJ,New Jersey,Robert Menendez (D),@SenatorMenendez,Cory Booker (D),@CoryBooker,"1,123,000",0.255,1.000,"1,013,000",0.237,0.902,"110,000",0.916,0.098,"374,000",0.749,0.333,"369,000",0.262,0.328,"219,000",0.147,0.195,"161,000",0.162,0.143,"609,000",0.402,0.542,"277,000",0.357,0.247,"332,000",0.450,0.296,"154,000",0.129,0.137,"146,000",0.404,0.130,"89,000",0.113,0.079,"211,000",0.274,0.188,"474,000",0.210,0.422,"317,000",0.296,0.282,"385,000",0.389,0.342,"286,000",0.623,0.255,"159,000",0.780,0.141,"92,000",0.170,0.082,"174,000",0.324,0.155,"435,000",0.445,0.387,"421,000",0.180,0.375,"649,000",0.303,0.578
NM,New Mexico,Martin Heinrich (D),@MartinHeinrich,Tom Udall (D),@SenatorTomUdall,"363,000",0.393,1.000,"335,000",0.377,0.924,"28,000",0.785,0.076,"112,000",0.804,0.307,"128,000",0.417,0.352,"71,000",0.256,0.197,"52,000",0.261,0.144,"233,000",0.474,0.642,"107,000",0.417,0.295,"126,000",0.536,0.347,"58,000",0.274,0.160,"58,000",0.519,0.160,"40,000",0.250,0.109,"76,000",0.465,0.210,"159,000",0.336,0.439,"125,000",0.410,0.343,"153,000",0.529,0.422,"117,000",0.677,0.323,"81,000",0.845,0.224,"45,000",0.441,0.123,"7,000",0.393,0.018,"226,000",0.476,0.624,"85,000",0.258,0.234,"204,000",0.454,0.561
NY,New York,Kirsten Gillibrand (D),@SenGillibrand,Chuck Schumer (D),@SenSchumer,"1,183,000",0.125,1.000,"1,082,000",0.118,0.915,"101,000",0.405,0.085,"385,000",0.344,0.325,"400,000",0.122,0.338,"225,000",0.074,0.190,"173,000",0.086,0.147,"333,000",0.104,0.281,"161,000",0.100,0.136,"173,000",0.108,0.146,"159,000",0.073,0.135,"147,000",0.184,0.125,"98,000",0.067,0.083,"209,000",0.136,0.176,"507,000",0.107,0.428,"213,000",0.098,0.180,"237,000",0.111,0.200,"315,000",0.266,0.267,"196,000",0.331,0.165,"116,000",0.105,0.098,"124,000",0.095,0.104,"210,000",0.110,0.177,"734,000",0.143,0.620,"677,000",0.144,0.572
NC,North Carolina,Thom Tillis (R),@SenThomTillis,Richard Burr (R),@SenatorBurr,"1,587,000",0.355,1.000,"1,468,000",0.340,0.925,"119,000",0.784,0.075,"458,000",0.778,0.289,"566,000",0.386,0.357,"332,000",0.221,0.209,"231,000",0.252,0.145,"735,000",0.523,0.463,"344,000",0.499,0.217,"391,000",0.547,0.246,"238,000",0.213,0.150,"238,000",0.532,0.150,"155,000",0.207,0.098,"320,000",0.394,0.202,"686,000",0.304,0.432,"383,000",0.464,0.241,"448,000",0.529,0.282,"518,000",0.692,0.327,"310,000",0.854,0.195,"96,000",0.357,0.060,"456,000",0.474,0.287,"279,000",0.632,0.176,"757,000",0.270,0.477,"901,000",0.406,0.568
ND,North Dakota,Kevin Cramer (R),@kevincramer,John Hoeven (R),@SenJohnHoeven,"109,000",0.287,1.000,"93,000",0.256,0.850,"16,000",0.901,0.150,"49,000",0.702,0.445,"30,000",0.237,0.274,"14,000",0.138,0.128,"17,000",0.201,0.152,"11,000",0.496,0.101,*,*,*,*,*,*,"14,000",0.145,0.129,"10,000",0.357,0.093,"6,000",0.097,0.056,"18,000",0.289,0.167,"43,000",0.218,0.398,"11,000",0.368,0.096,"12,000",0.504,0.109,"28,000",0.631,0.253,"21,000",0.833,0.196,"11,000",0.379,0.103,*,*,*,"7,000",0.500,0.061,"87,000",0.265,0.795,"66,000",0.363,0.602
OH,Ohio,Sherrod Brown (D),@SherrodBrown,Rob Portman (R),@senrobportman,"1,849,000",0.349,1.000,"1,666,000",0.328,0.901,"183,000",0.810,0.099,"607,000",0.794,0.329,"594,000",0.358,0.321,"341,000",0.202,0.184,"307,000",0.258,0.166,"408,000",0.510,0.221,"181,000",0.479,0.098,"227,000",0.538,0.123,"234,000",0.184,0.127,"260,000",0.511,0.140,"132,000",0.154,0.072,"361,000",0.391,0.195,"740,000",0.276,0.400,"220,000",0.438,0.119,"277,000",0.521,0.150,"509,000",0.705,0.275,"318,000",0.865,0.172,"89,000",0.380,0.048,"302,000",0.503,0.163,"106,000",0.532,0.057,"1,352,000",0.317,0.731,"1,109,000",0.423,0.600
OK,Oklahoma,James Inhofe (R),@JimInhofe,James Lankford (R),@SenatorLankford,"602,000",0.351,1.000,"537,000",0.326,0.891,"65,000",0.941,0.109,"209,000",0.808,0.347,"202,000",0.348,0.336,"110,000",0.213,0.183,"81,000",0.227,0.134,"166,000",0.533,0.276,"79,000",0.464,0.131,"87,000",0.616,0.145,"97,000",0.219,0.161,"86,000",0.496,0.143,"53,000",0.169,0.087,"131,000",0.427,0.217,"245,000",0.273,0.407,"121,000",0.393,0.202,"153,000",0.547,0.255,"195,000",0.646,0.323,"120,000",0.872,0.200,"108,000",0.392,0.180,"60,000",0.487,0.100,"106,000",0.562,0.177,"327,000",0.291,0.544,"357,000",0.437,0.593
OR,Oregon,Jeff Merkley (D),@SenJeffMerkley,Ron Wyden (D),@RonWyden,"319,000",0.176,1.000,"294,000",0.168,0.921,"25,000",0.397,0.079,"103,000",0.422,0.323,"108,000",0.171,0.339,"62,000",0.110,0.194,"46,000",0.122,0.145,"86,000",0.289,0.270,"47,000",0.275,0.147,"39,000",0.309,0.122,"55,000",0.123,0.173,"36,000",0.236,0.114,"35,000",0.113,0.109,"57,000",0.193,0.178,"146,000",0.155,0.458,"57,000",0.224,0.179,"52,000",0.243,0.163,"105,000",0.360,0.330,"66,000",0.450,0.206,"24,000",0.137,0.075,"3,000",0.102,0.010,"82,000",0.312,0.258,"210,000",0.156,0.657,"173,000",0.199,0.542
PA,Pennsylvania,Bob Casey Jr. (D),@SenBobCasey,Pat Toomey (R),@PatToomey,"2,004,000",0.339,1.000,"1,795,000",0.316,0.896,"209,000",0.945,0.104,"645,000",0.829,0.322,"611,000",0.332,0.305,"381,000",0.202,0.190,"367,000",0.261,0.183,"491,000",0.511,0.245,"223,000",0.477,0.111,"269,000",0.544,0.134,"253,000",0.181,0.126,"240,000",0.479,0.120,"135,000",0.145,0.067,"359,000",0.367,0.179,"794,000",0.266,0.396,"268,000",0.427,0.134,"333,000",0.515,0.166,"488,000",0.711,0.244,"286,000",0.873,0.142,"110,000",0.350,0.055,"266,000",0.471,0.133,"225,000",0.568,0.112,"1,403,000",0.303,0.700,"1,211,000",0.413,0.604
RI,Rhode Island,Sheldon Whitehouse (D),@SenWhitehouse,Jack Reed (D),@SenJackReed,"142,000",0.275,1.000,"127,000",0.256,0.893,"15,000",0.717,0.107,"51,000",0.673,0.361,"45,000",0.280,0.317,"25,000",0.153,0.174,"21,000",0.179,0.148,"46,000",0.440,0.324,"20,000",0.371,0.141,"26,000",0.515,0.183,"17,000",0.150,0.122,"18,000",0.392,0.127,"9,000",0.123,0.065,"26,000",0.302,0.185,"58,000",0.226,0.410,"24,000",0.337,0.171,"32,000",0.480,0.229,"34,000",0.589,0.240,"20,000",0.704,0.142,"11,000",0.305,0.076,"11,000",0.375,0.075,"35,000",0.464,0.249,"85,000",0.226,0.600,"84,000",0.324,0.590
SC,South Carolina,Lindsey Graham (R),@LindseyGrahamSC,Tim Scott (R),@SenatorTimScott,"736,000",0.345,1.000,"675,000",0.328,0.918,"61,000",0.801,0.082,"226,000",0.773,0.307,"260,000",0.368,0.353,"141,000",0.206,0.191,"109,000",0.242,0.148,"357,000",0.500,0.485,"154,000",0.455,0.209,"202,000",0.540,0.274,"88,000",0.179,0.120,"112,000",0.513,0.153,"56,000",0.168,0.076,"145,000",0.382,0.197,"303,000",0.283,0.411,"167,000",0.443,0.227,"219,000",0.530,0.298,"236,000",0.648,0.321,"144,000",0.836,0.196,"29,000",0.389,0.040,"283,000",0.487,0.385,"74,000",0.556,0.100,"350,000",0.261,0.475,"433,000",0.407,0.589
SD,South Dakota,Mike Rounds (R),@SenatorRounds,John Thune (R),@SenJohnThune,"142,000",0.344,1.000,"125,000",0.319,0.880,"17,000",0.813,0.120,"51,000",0.773,0.358,"43,000",0.329,0.301,"21,000",0.181,0.150,"27,000",0.273,0.191,"13,000",0.577,0.092,"7,000",0.511,0.049,*,*,*,"19,000",0.178,0.134,"18,000",0.485,0.127,"10,000",0.143,0.068,"27,000",0.359,0.192,"57,000",0.273,0.400,"16,000",0.496,0.110,"17,000",0.610,0.117,"41,000",0.672,0.286,"23,000",0.807,0.159,"20,000",0.533,0.140,*,*,*,"8,000",0.544,0.055,"110,000",0.310,0.772,"85,000",0.416,0.600
TN,Tennessee,Marsha Blackburn (R),@MarshaBlackburn,Lamar Alexander (R),@SenAlexander,"1,069,000",0.365,1.000,"983,000",0.349,0.919,"87,000",0.796,0.081,"324,000",0.792,0.303,"376,000",0.390,0.351,"212,000",0.225,0.198,"158,000",0.258,0.148,"347,000",0.517,0.325,"167,000",0.500,0.156,"180,000",0.535,0.168,"167,000",0.231,0.156,"149,000",0.537,0.140,"99,000",0.203,0.092,"218,000",0.423,0.204,"453,000",0.304,0.424,"185,000",0.472,0.173,"206,000",0.524,0.193,"338,000",0.700,0.316,"190,000",0.845,0.178,"44,000",0.385,0.041,"242,000",0.480,0.226,"105,000",0.632,0.099,"678,000",0.317,0.634,"616,000",0.429,0.576
TX,Texas,Ted Cruz (R),@SenTedCruz,John Cornyn (R),@JohnCornyn,"4,712,000",0.358,1.000,"4,278,000",0.337,0.908,"434,000",0.933,0.092,"1,505,000",0.814,0.319,"1,662,000",0.353,0.353,"955,000",0.228,0.203,"590,000",0.244,0.125,"3,304,000",0.480,0.701,"1,533,000",0.413,0.325,"1,770,000",0.560,0.376,"867,000",0.235,0.184,"692,000",0.512,0.147,"514,000",0.198,0.109,"1,045,000",0.427,0.222,"2,078,000",0.295,0.441,"1,625,000",0.387,0.345,"1,912,000",0.534,0.406,"1,530,000",0.675,0.325,"906,000",0.861,0.192,"234,000",0.258,0.050,"595,000",0.391,0.126,"2,709,000",0.506,0.575,"1,175,000",0.219,0.249,"2,634,000",0.431,0.559
UT,Utah,Mitt Romney (R),@MittRomney,Mike Lee (R),@SenMikeLee,"488,000",0.358,1.000,"412,000",0.321,0.844,"76,000",0.929,0.156,"227,000",0.827,0.466,"148,000",0.295,0.303,"67,000",0.181,0.137,"46,000",0.207,0.094,"124,000",0.545,0.254,"60,000",0.455,0.123,"65,000",0.667,0.133,"91,000",0.203,0.187,"42,000",0.445,0.086,"38,000",0.122,0.077,"96,000",0.406,0.196,"208,000",0.276,0.426,"74,000",0.414,0.152,"85,000",0.612,0.175,"123,000",0.597,0.253,"80,000",0.844,0.163,"35,000",0.389,0.072,"7,000",0.453,0.014,"118,000",0.551,0.241,"328,000",0.314,0.673,"280,000",0.458,0.574
VT,Vermont,Bernie Sanders (I),@BernieSanders,Patrick Leahy (D),@SenatorLeahy,"87,000",0.289,1.000,"77,000",0.269,0.888,"10,000",0.728,0.112,"33,000",0.727,0.376,"24,000",0.284,0.274,"14,000",0.156,0.166,"16,000",0.202,0.184,"4,000",0.378,0.046,*,*,*,*,*,*,"10,000",0.149,0.114,"8,000",0.377,0.092,"5,000",0.131,0.063,"13,000",0.273,0.143,"36,000",0.247,0.418,"4,000",0.389,0.045,"5,000",0.459,0.055,"22,000",0.636,0.252,"12,000",0.789,0.139,"5,000",0.464,0.058,*,*,*,*,*,*,"79,000",0.279,0.901,"51,000",0.329,0.582
VA,Virginia,Tim Kaine (D),@timkaine,Mark Warner (D),@MarkWarner,"1,187,000",0.294,1.000,"1,084,000",0.278,0.913,"103,000",0.763,0.087,"372,000",0.728,0.313,"396,000",0.297,0.333,"237,000",0.179,0.200,"183,000",0.210,0.154,"508,000",0.427,0.428,"220,000",0.374,0.185,"288,000",0.479,0.243,"172,000",0.165,0.144,"150,000",0.457,0.126,"92,000",0.137,0.078,"229,000",0.330,0.193,"483,000",0.235,0.407,"261,000",0.328,0.220,"355,000",0.441,0.299,"305,000",0.671,0.257,"166,000",0.806,0.140,"108,000",0.261,0.091,"315,000",0.411,0.266,"193,000",0.456,0.163,"571,000",0.235,0.481,"704,000",0.356,0.593
WA,Washington,Maria Cantwell (D),@SenatorCantwell,Patty Murray (D),@MurrayCampaign,"513,000",0.154,1.000,"450,000",0.139,0.877,"63,000",0.590,0.123,"206,000",0.474,0.401,"168,000",0.143,0.327,"80,000",0.076,0.155,"60,000",0.087,0.116,"164,000",0.295,0.320,"82,000",0.257,0.160,"82,000",0.346,0.160,"85,000",0.097,0.166,"65,000",0.243,0.127,"48,000",0.079,0.094,"102,000",0.190,0.200,"216,000",0.122,0.421,"106,000",0.181,0.206,"118,000",0.239,0.230,"156,000",0.367,0.304,"100,000",0.515,0.195,"60,000",0.115,0.117,"16,000",0.133,0.031,"148,000",0.340,0.288,"289,000",0.128,0.564,"297,000",0.190,0.579
WV,West Virginia,Joe Manchin (D),@Sen_JoeManchin,Shelley Moore Capito (R),@SenCapito,"255,000",0.355,1.000,"237,000",0.340,0.929,"18,000",0.786,0.071,"71,000",0.757,0.279,"82,000",0.372,0.323,"56,000",0.235,0.219,"45,000",0.274,0.179,"19,000",0.502,0.075,"9,000",0.451,0.035,"10,000",0.560,0.039,"37,000",0.212,0.146,"33,000",0.505,0.131,"20,000",0.162,0.077,"51,000",0.424,0.200,"101,000",0.269,0.397,"12,000",0.408,0.048,"14,000",0.517,0.054,"76,000",0.682,0.298,"45,000",0.842,0.177,"7,000",0.367,0.026,"13,000",0.515,0.053,"6,000",0.474,0.023,"229,000",0.346,0.898,"154,000",0.449,0.603
WI,Wisconsin,Tammy Baldwin (D),@SenatorBaldwin,Ron Johnson (R),@SenRonJohnson,"909,000",0.321,1.000,"778,000",0.289,0.856,"131,000",0.941,0.144,"364,000",0.822,0.400,"263,000",0.300,0.289,"144,000",0.161,0.159,"138,000",0.225,0.152,"186,000",0.558,0.205,"86,000",0.514,0.095,"100,000",0.602,0.110,"113,000",0.160,0.125,"112,000",0.449,0.123,"59,000",0.127,0.065,"166,000",0.335,0.183,"362,000",0.253,0.399,"111,000",0.457,0.122,"135,000",0.562,0.148,"243,000",0.671,0.268,"162,000",0.871,0.179,"60,000",0.400,0.065,"75,000",0.518,0.083,"111,000",0.588,0.122,"663,000",0.282,0.730,"547,000",0.390,0.601
WY,Wyoming,John Barrasso (R),@SenJohnBarrasso,Mike Enzi (R),@SenatorEnzi,"88,000",0.318,1.000,"77,000",0.291,0.875,"11,000",0.922,0.125,"33,000",0.804,0.378,"29,000",0.306,0.323,"14,000",0.173,0.157,"13,000",0.199,0.142,"16,000",0.496,0.182,"7,000",0.377,0.080,"10,000",0.637,0.114,"15,000",0.207,0.172,"9,000",0.407,0.102,"6,000",0.114,0.064,"19,000",0.400,0.210,"33,000",0.221,0.373,"9,000",0.361,0.098,"13,000",0.596,0.151,"24,000",0.650,0.273,"17,000",0.877,0.192,"6,000",0.420,0.064,*,*,*,"15,000",0.512,0.175,"66,000",0.286,0.750,"56,000",0.430,0.627
US,United States,,,,," 	39,673,000 ",0.266,1.000," 	35,970,000 ",0.250,0.907," 	3,702,000 ",0.710,0.093," 	12,886,000 ",0.634,0.325," 	13,336,000 ",0.265,0.336," 	7,643,000 ",0.160,0.193," 	5,807,000 ",0.187,0.146,,,,,0.398,,,0.488,," 	5,887,000 ",0.156,0.148," 	5,355,000 ",0.389,0.135,,0.147,,,0.336,," 	16,716,000 ",0.217,0.421," 	8,626,000 ",0.279,40.498," 	10,346,000 ",0.356,23.094,,,,,,," 	2,689,000 ",0.196,0.068," 	6,700,000 ",0.381,0.169," 	9,583,000 ",0.334,0.242," 	20,701,000 ",0.232,0.522," 	22,957,000 ",0.317,0.579